車型,品番,品名,產品圖片,CT時間(秒)
D46H,75601_2-BZ110,D46H-輪弧RH/LH,75611_2-BZ140_main.jpg,
764W,64790-0A050-C0,764W尾門上飾板,64790-0A050_main.jpg,
718W,53827_8-02280,718W擋泥板(RH/LH),53827_8-02280-1_main.jpg,
681W,58916-0D200,681W杯墊(大耳朵),58916-0D200_main.jpg,
D21,80870_1-BA100,D21-前右/左飾板,80870_1-BA100-1_main.jpg,
D21,82870_1-BA100,D21-後右/左飾板,82870_1-BA100-1_main.jpg,
P02F,80870_1-5RT0A,P02F前右/左門板主體,80870_1-5RT0A_main.jpg,
P02F,82870_1-5RT0A,P02F後右/左門板主體,82870_1-5RT0A_main.jpg,
681W,58910-0D660-C0,681W後扶手本體(有不織布),_main.jpg,
681W,58839-0D080-C0,681W熊掌,_main.jpg,
681W,53828-0D241,681W擋泥板-LH,_main.jpg,
681W,53827-0D241,681W擋泥板-RH,_main.jpg,
681W,55433-0D360-E0,681W鑰匙孔(有孔)茶,_main.jpg,
681W,55433-0D310-C0,681W鑰匙孔(無孔)黑,_main.jpg,
718W,58165-02350,718W-GRS右側下護板,_main.jpg,
718W,58165-02350,718W-GRS右側下護板(輸出項),_main.jpg,
718W,75852-02390,718W-GRS側裙LH,_main.jpg,
718W,75852-02906,718W-GRS側裙LH(輸出項),_main.jpg,
718W,75851-02390,718W-GRS側裙RH,_main.jpg,
718W,75851-02916,718W-GRS側裙RH(輸出項),_main.jpg,
718W,55300-02180-C0,718W-I/P(無孔),_main.jpg,
718W,58399-02220,718W下護板,_main.jpg,
718W,55433-02620-C0,718W公文箱外框,_main.jpg,
718W,55514-02390,718W安全氣囊(白),_main.jpg,
718W,55514-02340,718W安全氣囊(黑),_main.jpg,
718W,58569-02140-C0,718W車身號碼飾板,_main.jpg,
718W,58165-02240,718W底板右側下護板,_main.jpg,
718W,57628-02200,718W油箱左側防塵板,_main.jpg,
718W,75852-02300,718W側裙LH,_main.jpg,
718W,75851-02300,718W側裙RH,_main.jpg,
718W,58166-02200,718W備胎室下護板-LH,_main.jpg,
718W,58166-02200,718W備胎室下護板-LH(輸出項),_main.jpg,
718W,55410-02730-B0,718W儀表護蓋(有框),_main.jpg,
718W,55410-02720,718W儀表護蓋(無框),_main.jpg,
764W,52163-YY030,764W(740B) GR-S拖車蓋,_main.jpg,
764W,52111-YY020,764W(740B) GR-S前下巴,_main.jpg,
764W,52111-YY100,764W(740B) GR-S前下巴(輸出項),_main.jpg,
764W,52151-YY060,764W(740B) GR-S後下巴,_main.jpg,
764W,55410-0A150-B0,764W(740B) GR-S儀表護蓋-金色,_main.jpg,
764W,55514-0A020,764W安全氣囊(白),_main.jpg,
764W,64716-0A020-C0,764W尾門蓋板,_main.jpg,
718W,55410-02750-B0,898W-(198D)儀表護蓋(框銀),_main.jpg,
718W,55410-02750-B1,898W-(198D)儀表護蓋(框鐵灰),_main.jpg,
764W,52163-0A150-1,976W拖車蓋,_main.jpg,
764W,52111-0A160-1,976W前下巴,_main.jpg,
764W,52151-0A070-1,976W後下巴,_main.jpg,
764W,64780-0A220-C0,976W後背板(有不織布),_main.jpg,
764W,55410-0A190-C0,976W儀表護蓋(E08),_main.jpg,
AST,CW785401XA,AST-A柱(LH),_main.jpg,
AST,CW785402XA,AST-A柱(RH),_main.jpg,
D38H,55316-BZ030,D38H-IP配件-LH,_main.jpg,
D38H,55315-BZ170,D38H-IP配件-RH,_main.jpg,
D38H,51407-BZ010,D38H-下護板(大),_main.jpg,
D38H,51408-BZ030,D38H-下護板(小),_main.jpg,
D38H,51409-BZ020,D38H-下護板(中),_main.jpg,
D38H,58810-BZ170-B0,D38H-中央扶手座,_main.jpg,
D38H,55550-BZ260-B0,D38H手套箱總成-黑,_main.jpg,
D38H,51454-BZ080,D38H-木床LH,_main.jpg,
D38H,51453-BZ080,D38H-木床RH,_main.jpg,
D38H,67914-BZ220-B0,D38H-腳踏板LH,_main.jpg,
D38H,67913-BZ220-B0,D38H-腳踏板RH,_main.jpg,
D38H,55404-BZ260-C0,D38H-儀表護蓋,_main.jpg,
D38H,51454-BZ040,D38H-鐵床LH,_main.jpg,
D38H,51453-BZ040,D38H-鐵床RH,_main.jpg,
D46H,55514-BZ070,D46H-安全氣囊,_main.jpg,
D46H,76876-BZ030,D46H-尾翼下蓋,_main.jpg,
D46H,76871-BZ550,D46H-尾翼上蓋,_main.jpg,
D46H,74646-BZ240-C0,D46H-門把LH,_main.jpg,
D46H,74645-BZ240-C0,D46H-門把RH,_main.jpg,
D46H,76902-BZ190,D46H-側裙LH,_main.jpg,
D46H,76901-BZ200,D46H-側裙RH,_main.jpg,
D46H,55045-BZ350-C0,D46H-儀表下飾板,_main.jpg,
DE,CW777507HAY,DE儀錶板總成(有EPP),_main.jpg,
DE,CW784008HAY,DE儀錶板總成(有EPP)鑽孔,_main.jpg,
DE,CW781942HAY,DE儀錶板總成(無EPP),_main.jpg,
DE,CW784010HAY,DE儀錶板總成(無EPP)鑽孔,_main.jpg,
EM25,BW725307XA,EM25本體總成-AMI仕樣,_main.jpg,
EM25,BW725931XA,EM25本體總成-PHY仕樣,_main.jpg,
EM25,BW725393-1,EM25車底前右飾蓋,_main.jpg,
EM25,BW725394-1,EM25車底前左飾蓋,_main.jpg,
EM25,BW727997XA,EM25前內蓋(設變後),_main.jpg,
EM25,BW725757XA,EM25前腳踏板,_main.jpg,
EM25,BW725349XA,EM25置物箱(有孔),_main.jpg,
EM25,BW725355XA,EM25置物箱(無孔),_main.jpg,
ET35,CW791711XB,ET35-儀表板(有孔),_main.jpg,
ET35,CW795307XB,ET35-儀表板(無孔),_main.jpg,
EZ2,BW753364BA,EZ2-右側蓋,_main.jpg,
EZ2,BW753363BA,EZ2-左側蓋,_main.jpg,
EZ2,BW753076,EZ2-前擋泥板,_main.jpg,
EZ2,BW753231,EZ2-後擋泥板,_main.jpg,
JS,CW788611-Q,JS-鼓風機飾蓋,_main.jpg,
JUT,65200-JUT-00,JUT-底護蓋B,_main.jpg,
L5G,L5G-F470E-10,L5G小背靠,_main.jpg,
L5G,L5G-F470E-00,L5G底板,_main.jpg,
P02F,63810-2YK0A,P02F M/C右輪弧,_main.jpg,
P02F,63811-2YK0A,P02F M/C左輪弧,_main.jpg,
P02F,80870-5RT0C,P02F前右門板主體(黑色),_main.jpg,
P02F,80870-5RT0B,P02F前右門板主體(橘色),_main.jpg,
P02F,80871-5RT0C,P02F前左門板主體(黑色),_main.jpg,
P02F,80871-5RT0B,P02F前左門板主體(橘色),_main.jpg,
P02F,82870-5RT0C,P02F後右門板主體(黑色),_main.jpg,
P02F,82870-5RT0B,P02F後右門板主體(橘色),_main.jpg,
P02F,82871-5RT0C,P02F後左門板主體(黑色),_main.jpg,
P02F,82871-5RT0B,P02F後左門板主體(橘色),_main.jpg,
P02F,76851-5RT0A,P02F側裙-LH,_main.jpg,
P02F,76850-5RT0A,P02F側裙-RH,_main.jpg,
P33A,80870-6RX0A,P33A-前右門飾板,_main.jpg,
P33A,80871-6RX0A,P33A-前左門飾板,_main.jpg,
P33A,85084-6RX0A,P33A-後下保飾蓋,_main.jpg,
P33A,85084-6RX0B,P33A-後下保飾蓋(黑),_main.jpg,
P33A,82870-6RX0A,P33A-後右門飾板,_main.jpg,
P33A,82871-6RX0A,P33A-後左門飾板,_main.jpg,
P33A,78861-6RX0A,P33A-後輪弧F-LH,_main.jpg,
P33A,78860-6RX0A,P33A-後輪弧F-RH,_main.jpg,
P33A,78873-6RX0A,P33A-後輪弧R-LH,_main.jpg,
P33A,78872-6RX0A,P33A-後輪弧R-RH,_main.jpg,
P33A,24345-6RX0B,P33A-電池蓋,_main.jpg,
RE,7405A810,RE-雨刷座(設變),_main.jpg,
RE,6512A421,RE-側裙LH,_main.jpg,
RE,6512A422,RE-側裙RH,_main.jpg,
TD-1,CW769961HA,TD-LIFT  B柱-RH,_main.jpg,
TD-1,CW769960HA,TD-LIFT B柱-LH,_main.jpg,
TD-1,CW769614HA,TD-LIFT 後側背板,_main.jpg,
TT1,TT1-F470E-10-1,TT1-小背靠,_main.jpg,
TT1,TT1-F470E-00,TT1-底板,_main.jpg,
UE2,65300-UE2-00,UE2-車前右側底護蓋,_main.jpg,
UE2,65400-UE2-00,UE2-車前左側底護蓋,_main.jpg,
UE2,65100-UE2-01,UE2-底護蓋A,_main.jpg,
UE2,65200-UE2-01,UE2-底護蓋B,_main.jpg,